{
  "project_info": {
    "project_number": "492702105147",
    "project_id": "fir-flutter-auth-b40c0",
    "storage_bucket": "fir-flutter-auth-b40c0.appspot.com"
  },
  "client": [
    {
      "client_info": {
        "mobilesdk_app_id": "1:492702105147:android:5f353f13629f5bb034261e",
        "android_client_info": {
          "package_name": "com.example.autheticationscreen"
        }
      },
      "oauth_client": [],
      "api_key": [
        {
          "current_key": "AIzaSyB45Q8hCCMtKOJEry_pDq1keIjL-NWqUD4"
        }
      ],
      "services": {
        "appinvite_service": {
          "other_platform_oauth_client": []
        }
      }
    },
    {
      "client_info": {
        "mobilesdk_app_id": "1:492702105147:android:3ea3d88a24742dc934261e",
        "android_client_info": {
          "package_name": "com.example.emailpassword"
        }
      },
      "oauth_client": [],
      "api_key": [
        {
          "current_key": "AIzaSyB45Q8hCCMtKOJEry_pDq1keIjL-NWqUD4"
        }
      ],
      "services": {
        "appinvite_service": {
          "other_platform_oauth_client": []
        }
      }
    }
  ],
  "configuration_version": "1"
}